"Path","Bytes","SHA256"
"C:\OpenXWA\aeron\include\aeron\input.h","10368","A7BF2CABF4BD222A3D00A3579E86DD80AA36143680486F26A1EAA995A27D1188"
"C:\OpenXWA\aeron\src\gamepad.c","16849","DF2CEA25E9F8BC6C9169B4566DFB6815985D6CD6951A0161D682ED1DD7F65BA3"
"C:\OpenXWA\src\xwa_app\host_config.c","50296","FEE0ACED242CE5AD92801C9E8A50D87D3FC7A7EFC71C26D66CCF464525D3DE97"
"C:\OpenXWA\src\xwa_remaster\xwa_remaster.c","34569","BD045E266121039A975E01147A1A0C34C01F4731E1ED10752DBA8AB7D795CE58"
"C:\OpenXWA\src\xwa_runtime\config\modern_controller_options_screen.c","40836","87029938A2EF34A058B583C7FAFB2283DB7EE468B23C8E80B21368580EE766E2"
"C:\OpenXWA\src\xwa_runtime\config\modern_input_options.h","3446","2EE2771B4AAF9C4EBCBD46290DE2919860696E8B86A4242334CBBAA60A302236"
"C:\OpenXWA\src\xwa_runtime\input\controller_mapping.c","13247","685FC34E2854CB2059854E7DCFD4733975B2088A154934F5A7B24E9771C72E44"
"C:\OpenXWA\src\xwa_runtime\input\input_bridge.c","6333","9F7DF49B78C942ACDD71D0777739664ED0D5D3D44F9AC35022C70E07BC3AFA7E"
"C:\OpenXWA\src\xwa_runtime\input\mouse_flight.c","12000","87A35A295E797687A57287A94C0C76D3111A85CFDA9B69E8016BFC83BA5CA825"
"C:\OpenXWA\src\xwa_runtime\input\winmm_joystick_provider.c","2254","7F2870D08744CE3026746E95532DFDB864371F5B3FEF08582A181665F8602E2C"
"C:\OpenXWA\src\xwa_runtime\runtime\port.c","14408","9AC4B17BD84EE3B4C6986AD64A462EE586C6E2219C8235C1E0A2618707BE9C20"
"C:\OpenXWA\src\xwa_runtime\runtime\presentation.c","3356","0FA9F71CE7F5652EB5051E2125A3B8652821B071F1A7FAF4D3CF10958C4F63FB"
"C:\OpenXWA\src\xwa\config\game_config.c","206216","2429B9E7243802A8D00F4CF95ABEA9DDEF4A8F33FD08013C602CC4AA3E669833"
"C:\OpenXWA\src\xwa\flight\flight.c","436337","F914D0917D158CFD1F8A5D1E1A5E4D69DD5FB3455EE4685595FA29AAD8FAEF06"
"C:\OpenXWA\src\xwa\flight\object\laser.c","119283","78AD0753685F09E7D9655D5B91D4AA8FD54A9D4885632928B7C83FF620925294"
"C:\OpenXWA\third_party\SDL3\include\SDL3\SDL_joystick.h","56805","D6E07C2C21090F0A98B89E17DA2A8F7558962D8CEF2CA35545BBF77D97DCEF3A"
"C:\OpenXWA\XWAQuest\m2\build-android\SDL3\include-config-relwithdebinfo\build_config\SDL_build_config.h","18518","4B1849A6763605E4B722A9B468ABA75C3E3984C96EF728EE30F283AC989BDE8A"
"C:\OpenXWA\XWAQuest\m8test3\CMakeLists.txt","3336","9DED9D231563BB660759F932BABBEDAAA20481D74EAD1617CA3539285E6A5C43"
"C:\OpenXWA\XWAQuest\m8test3\frame_bridge.c","13018","1632E4DCC572B1497D82AC7A1601E51D46947B4C8F47DD17EF677D02124CC5A5"
"C:\OpenXWA\XWAQuest\m8test3\input_xr.c","9925","360378CB90F9E72C3D2288E586448BCBFE3D231FC2489A68D2C527CDAED5F0D5"
"C:\OpenXWA\XWAQuest\m8test3\vr_eye_math.h","2511","C887456B6579FE844C5677ABAB084525B01BE1CD65FF9CAE6321E17E0CD95241"
"C:\OpenXWA\XWAQuest\m8test3\vr_flight_bridge.c","9920","E56919E61646426BF01D1C09B2D76006CCD9DCF054B054CCBF0681887A8D9F3B"
"C:\OpenXWA\XWAQuest\m8test3\vr_flight_renderer.c","10479","E323C0B3FBAAC190593114E91C3BD4A066C171A7232856C67AF6C5D2BE0C81D8"
"C:\OpenXWA\XWAQuest\m8test3\xr_bridge.c","3299","22B788D1003D2A6AB95CA3587A82FB7CA50236067116F47DC14F3BBAD2AA0BEA"
"C:\OpenXWA\XWAQuest\m8test4\CMakeLists.txt","3374","8EF9E871DC4665AB5FF47D166883E29881BAE4A4DFBE1B682F622D68EB55FF3D"
"C:\OpenXWA\XWAQuest\m8test4\frame_bridge.c","13829","495CF85F8BBE45DCBE17CAD13CF18C30A47B59BC426F21BFB798FD4EA2E50709"
"C:\OpenXWA\XWAQuest\m8test4\input_xr.c","9925","360378CB90F9E72C3D2288E586448BCBFE3D231FC2489A68D2C527CDAED5F0D5"
"C:\OpenXWA\XWAQuest\m8test4\vr_eye_math.h","2511","C887456B6579FE844C5677ABAB084525B01BE1CD65FF9CAE6321E17E0CD95241"
"C:\OpenXWA\XWAQuest\m8test4\vr_flight_bridge.c","9920","E56919E61646426BF01D1C09B2D76006CCD9DCF054B054CCBF0681887A8D9F3B"
"C:\OpenXWA\XWAQuest\m8test4\vr_flight_renderer.c","11290","A72695D725E6C2D6CC8F3182C01C547F3EDB7BC9BD83AE9EA0E1C02F966A2861"
"C:\OpenXWA\XWAQuest\m8test4\xr_bridge.c","4692","BB9DF5855B3E285E25276C6BBF3E2EDBF153C623D6A045F584A26C3B0270BAE8"
"C:\OpenXWA\XWAQuest\vr-probe\vr_openxr.c","19184","821D99E944B843E8CF254AFF8954DE88CF40F02878A767C843B516062422CC12"
"C:\Program Files (x86)\Steam\steamapps\common\Star Wars X-Wing Alliance\JOYSTICK.TXT","5165","5303F205BFA1A1AE9D8B62A186CD952EE2B371A009C9D9020F0BDC40C6636E52"
