"Path","Bytes","LastWriteUtc","ReadUtc","SHA256"
"C:\OpenXWA\aeron\tools\opt2gltf\opt.c","51896","2026-09-08T01:20:11.6782275Z","2026-09-27T20:16:48.4999711Z","E879909F591565CE332A474AB42A5F26291CDDA1D937BB2A4FD3EA8D40C41E7D"
"C:\OpenXWA\aeron\tools\opt2gltf\opt.h","15636","2026-09-08T01:20:11.6792291Z","2026-09-27T20:16:48.5243397Z","B7721948B0F07B31EA4050FEEC99999819E1E46A3BBE6B7B6AAC4137461346F9"
"C:\OpenXWA\src\xwa_remaster\flight.c","183419","2026-09-08T01:17:48.8105210Z","2026-09-27T20:16:48.5262896Z","66DA6530B0F565700E00ED42DD7DBEA9C3BE892E97B632F082684142C4733468"
"C:\OpenXWA\src\xwa_remaster\hud_fixed.c","48335","2026-09-08T01:17:48.8340433Z","2026-09-27T20:16:48.5297993Z","9E6FBCAEC5C228419D69E999A6158DA9712150E69AFF5BAF747B5897F174C49E"
"C:\OpenXWA\src\xwa_remaster\hud.c","18985","2026-09-08T01:17:48.8225241Z","2026-09-27T20:16:48.5316244Z","F9FD2DC4EDC16F27471A72648C365AE9E6ACDF794AB9F959239FD941CFA59A58"
"C:\OpenXWA\src\xwa_remaster\ship.c","47147","2026-09-08T01:17:48.8542960Z","2026-09-27T20:16:48.5331501Z","7A9AFC8B7C440E9BFD178DFFB7D9BAF4907EF8315A80B64DE58F517EC9048405"
"C:\OpenXWA\src\xwa_remaster\sky_stars.c","6267","2026-09-08T01:17:48.8572939Z","2026-09-27T20:16:48.5350474Z","FB24B7AD14CD4EDD8C2F3EDCC983AF9F66FA390BA16FED0476FF3358C2A2BFF4"
"C:\OpenXWA\src\xwa_remaster\xwa_remaster.c","34569","2026-09-08T01:17:48.8632945Z","2026-09-27T20:16:48.5369318Z","BD045E266121039A975E01147A1A0C34C01F4731E1ED10752DBA8AB7D795CE58"
"C:\OpenXWA\src\xwa_runtime\input\controller_mapping.c","13247","2026-09-08T01:17:48.8938227Z","2026-09-27T20:16:48.5395699Z","685FC34E2854CB2059854E7DCFD4733975B2088A154934F5A7B24E9771C72E44"
"C:\OpenXWA\src\xwa_runtime\input\winmm_joystick_provider.c","2254","2026-09-08T01:17:48.9043505Z","2026-09-27T20:16:48.5416791Z","7F2870D08744CE3026746E95532DFDB864371F5B3FEF08582A181665F8602E2C"
"C:\OpenXWA\src\xwa_runtime\snapshot\snapshot_export.c","16364","2026-09-08T01:17:48.9258256Z","2026-09-27T20:16:48.5435906Z","ACBB3EF7C80F65EF8E50C3F19A0A7837EF1CDE413694D2255396631634877F87"
"C:\OpenXWA\src\xwa_runtime\snapshot\snapshot_hud.c","18790","2026-09-08T01:17:48.9308223Z","2026-09-27T20:16:48.5452838Z","326D376E464388A7DFE6A22429D2CF1A9B85660F4D2D80A432714320BA91E64C"
"C:\OpenXWA\src\xwa_runtime\snapshot\snapshot.c","66201","2026-09-08T01:17:48.9228290Z","2026-09-27T20:16:48.5469553Z","1C968E3D43927D1010DE56F8D377BCF8956185BBC3374E6BD0AC9CB51952311A"
"C:\OpenXWA\src\xwa_runtime\snapshot\snapshot.h","56925","2026-09-08T01:17:48.9248213Z","2026-09-27T20:16:48.5491673Z","B69F0871B2ED3C2B7DA6ED210EF6E32C30F09E6693076C0317A38583F2E586DF"
"C:\OpenXWA\src\xwa\assets\model_type.c","57900","2026-09-08T01:17:48.3250371Z","2026-09-27T20:16:48.5515215Z","B22603F894BBDBBF4BBF9BD308755F84042062CB684AE8B388AD21C2D8582FDC"
"C:\OpenXWA\src\xwa\assets\object_type.h","18271","2026-09-08T01:17:48.3310370Z","2026-09-27T20:16:48.5536208Z","B51C6AB5AFEDB727967599871288281E2B6727E82B4A007AA4032DE390B007F3"
"C:\OpenXWA\src\xwa\flight\flight_light.c","40067","2026-09-08T01:17:48.4564583Z","2026-09-27T20:16:48.5555565Z","A3A473CE202833B58889D1D33D33508F97D25CC92729D3702A86B5295BC33DCB"
"C:\OpenXWA\src\xwa\flight\flight.c","436337","2026-09-08T01:17:48.4479167Z","2026-09-27T20:16:48.5577177Z","F914D0917D158CFD1F8A5D1E1A5E4D69DD5FB3455EE4685595FA29AAD8FAEF06"
"C:\OpenXWA\src\xwa\flight\hud\hud.c","684123","2026-09-08T01:17:48.4899864Z","2026-09-27T20:16:48.5640570Z","CF2040D7AC598CE92858B27AF5273E42A8D64F1FCAF1338FD888B8EE4A7BD25B"
"C:\OpenXWA\src\xwa\flight\mission\mission.c","364504","2026-09-08T01:17:48.4989865Z","2026-09-27T20:16:48.5724931Z","9EDE8C03807452353DB5A62A596289D9704DF9DB527D354013EBD2DBCE2B9710"
"C:\OpenXWA\src\xwa\flight\object\collision.c","273699","2026-09-08T01:17:48.5075027Z","2026-09-27T20:16:48.5776559Z","4B8C1454B294527E9CEAE2D0B70D32DB84E620F8E61740798249E39323CD08D9"
"C:\OpenXWA\src\xwa\flight\object\laser.c","119283","2026-09-08T01:17:48.5205006Z","2026-09-27T20:16:48.5810226Z","78AD0753685F09E7D9655D5B91D4AA8FD54A9D4885632928B7C83FF620925294"
"C:\OpenXWA\src\xwa\flight\object\object.c","78211","2026-09-08T01:17:48.5245038Z","2026-09-27T20:16:48.5843745Z","EC3094C66BF6ECBBA4F68C9ADF01D5AD250E304E9F7EF8DBF2F811193C02DF5C"
"C:\OpenXWA\src\xwa\flight\targeting.c","18100","2026-09-08T01:17:48.5390511Z","2026-09-27T20:16:48.5861385Z","9A475CFD2203D1921C5F01B3031A14DAF3BF43BB8EFA9015A24E7BEBA27DD4AA"
"C:\OpenXWA\src\xwa\frontend\frontend_color.c","7644","2026-09-08T01:17:48.5820911Z","2026-09-27T20:16:48.5877846Z","DBB01765BC60DC1A4D1B67641D263AEE7EE54528241DDCBFB3A4AF58A1F6B3CE"
"C:\OpenXWA\XWAQuest\m8integrated1\CHECKPOINT-M8INTEGRATED1.md","16004","2026-09-27T18:14:22.8455361Z","2026-09-27T20:16:48.5895232Z","D69B63966286CC1DE9231389ED4CF8E0FBB48171A2E27F2A5446F7B40A260FDC"
"C:\OpenXWA\XWAQuest\m8integrated1\evidence\quest-integrated1-20260927-001050-flight.log","17983504","2026-09-27T06:17:01.3475484Z","2026-09-27T20:16:48.5908562Z","DFA5CA7419E00ABFC75D79FEEA2D8ADC6AB2412AB83570374056F321758C9A17"
"C:\OpenXWA\XWAQuest\m8integrated1\evidence\quest-integrated1-combat-fallback.log","9687022","2026-09-27T18:29:53.2310764Z","2026-09-27T20:16:48.7173222Z","60BCD5AA0E1647CF5248FE9577C9BBDAB8AF2DB0ECB5BDD45F17C20FE77D08AD"
"C:\OpenXWA\XWAQuest\m8integrated1\frame_bridge.c","17029","2026-09-27T06:35:39.6092666Z","2026-09-27T20:16:48.7894739Z","29591F92398ABB353149532E30E7629EE98F53C3454031A0C132F6FB226AC69A"
"C:\OpenXWA\XWAQuest\m8integrated1\input_xr.c","12267","2026-09-27T04:23:15.0227048Z","2026-09-27T20:16:48.7910555Z","62D9FF6716D83A743A6FB81E0BFF2F6EBE39AE97853F3A4D452C344811A39E26"
"C:\OpenXWA\XWAQuest\m8integrated1\input_xr.h","328","2026-09-25T05:48:31.0258790Z","2026-09-27T20:16:48.7925029Z","56CA03ED10246B9032EBA969D9DBB46BFFE52BFC93C3ED57289E5E21725ABE5A"
"C:\OpenXWA\XWAQuest\m8integrated1\t3_seat_math.h","660","2026-09-26T07:23:10.4732807Z","2026-09-27T20:16:48.7938938Z","E0A13132E50C182A37BE04ACE7D90A892E59FA0CFA01272A459EA15588EBF1ED"
"C:\OpenXWA\XWAQuest\m8integrated1\touch_joystick.c","7404","2026-09-27T05:02:03.6253019Z","2026-09-27T20:16:48.7952384Z","4DE874C99C437835EE0E1A524A6DAB2C43686E67D66E5FB1E90EB1D2384BE6AA"
"C:\OpenXWA\XWAQuest\m8integrated1\touch_state.h","2472","2026-09-27T05:02:36.1739101Z","2026-09-27T20:16:48.7966035Z","28F55713648A46FC9CD31FD7E956CE5D071CD865989070944006604429C75CED"
"C:\OpenXWA\XWAQuest\m8integrated1\vr_eye_math.h","2511","2026-09-25T21:54:08.7826192Z","2026-09-27T20:16:48.7980502Z","C887456B6579FE844C5677ABAB084525B01BE1CD65FF9CAE6321E17E0CD95241"
"C:\OpenXWA\XWAQuest\m8integrated1\vr_flight_bridge.c","9920","2026-09-26T07:23:10.4818210Z","2026-09-27T20:16:48.7994311Z","E56919E61646426BF01D1C09B2D76006CCD9DCF054B054CCBF0681887A8D9F3B"
"C:\OpenXWA\XWAQuest\m8integrated1\vr_flight_bridge.h","2070","2026-09-26T07:25:00.8531686Z","2026-09-27T20:16:48.8008394Z","5963D992C3B21AE20B2DC3668D10A831122E6D8576075640B403C8601ED1EE10"
"C:\OpenXWA\XWAQuest\m8integrated1\vr_flight_renderer.c","11253","2026-09-27T20:14:46.9129978Z","2026-09-27T20:16:48.8021813Z","1D2777FB9FB72896C66180F0482A2ECDCCB5391E1BCFF0EC7CE8AD5E321BAD89"
"C:\OpenXWA\XWAQuest\research\DESIGN-VR-FRONTEND-TOUCH-HANDOFF.md","27367","2026-09-27T04:03:38.2344054Z","2026-09-27T20:16:48.8044867Z","5117B870A678C8A08AF50FCF3CBAFCFFBCAC3681917FEE1C19774B7E3124C219"
"C:\OpenXWA\XWAQuest\research\Inspect-XWingCockpit-Metadata.ps1","2096","2026-09-27T20:07:42.6068539Z","2026-09-27T20:16:48.8067052Z","F7DA5F8C82364B8092DC27BD9274C6CF1D14BF7BA102E892C0F9C9E1708C263D"
"C:\OpenXWA\XWAQuest\vr-probe\vr_convert.c","6390","2026-09-19T22:40:00.8954499Z","2026-09-27T20:16:48.8080438Z","B97D16B0783CCABA1ECC6D24D1AE70C82F6CD0DA1D461467F9FA9CE91869FD1C"
"C:\Program Files (x86)\Steam\steamapps\common\Star Wars X-Wing Alliance\FLIGHTMODELS\XWINGCOCKPIT.OPT","525414","2026-02-05T03:36:49.0013148Z","2026-09-27T20:16:48.8095252Z","DCB854992B576C534A46CDF8778001A2D0995F6300DAFBC486C499F429A822EA"
"C:\Program Files (x86)\Steam\steamapps\common\Star Wars X-Wing Alliance\JOYSTICK.TXT","5165","2026-02-05T03:38:04.3222909Z","2026-09-27T20:16:48.8141778Z","5303F205BFA1A1AE9D8B62A186CD952EE2B371A009C9D9020F0BDC40C6636E52"
